new_filename,normal,bacteria,virus,COVID-19
10.jpeg,0.0005199311,0.00032647912,0.00051117415,0.99864244
1003.jpeg,0.9789027,0.0012007413,0.0038316182,0.016064871
1004.jpeg,0.97947025,0.0010279028,0.003938997,0.015562808
1007.jpeg,0.97805506,0.0013241341,0.004179431,0.016441375
1008.jpeg,0.97485095,0.0019032967,0.0063550817,0.016890664
101.jpeg,0.9734137,0.002636678,0.0046316483,0.01931805
1012.jpeg,0.9750015,0.0016870864,0.0072104223,0.016100964
1014.jpeg,0.96865493,0.0063275015,0.0037446755,0.021272814
1015.jpeg,0.9760013,0.0026859452,0.0040885173,0.017224222
1019.jpeg,0.9780636,0.0013144298,0.0040843245,0.016537728
1031.jpeg,0.97766936,0.0019046005,0.004598562,0.015827496
1032.jpeg,0.97934103,0.0015068948,0.0032577673,0.015894309
1047.jpeg,0.9505525,0.017007295,0.0055817845,0.026858374
1048.jpeg,0.97611856,0.0018424856,0.005182867,0.016856126
1049.jpeg,0.97682416,0.0022427128,0.004511182,0.016421953
1051.jpeg,0.9804998,0.0010762409,0.003808785,0.01461522
1056.jpeg,0.9774244,0.0016103202,0.0036977846,0.017267514
1059.jpeg,0.97244626,0.004399378,0.004246354,0.018907972
1069.jpeg,0.9777998,0.0016044063,0.003536822,0.017059002
1077.jpeg,0.9748549,0.0017691005,0.0044087153,0.018967278
1088.jpeg,0.97638416,0.0035606823,0.004015627,0.016039513
1092.jpeg,0.98244095,0.0007641472,0.0026826093,0.014112296
1095.jpeg,0.9741005,0.0021134538,0.0050654253,0.018720701
111.jpeg,0.9788833,0.0012911728,0.0032184678,0.016607065
1121.jpeg,0.9810844,0.0024009347,0.0031788717,0.01333579
1129.jpeg,0.97716707,0.0019072478,0.0044204043,0.016505294
113.jpeg,0.9768891,0.0020001365,0.0041595297,0.016951248
1130.jpeg,0.98138434,0.0008231002,0.0024662307,0.015326261
114.jpeg,0.9738724,0.0023471387,0.0046195677,0.019160897
1140.jpeg,0.9800331,0.0012452931,0.006850786,0.011870802
1143.jpeg,0.9757135,0.0028409779,0.004647161,0.01679838
1151.jpeg,0.98231304,0.0010569517,0.0025371388,0.014092931
1154.jpeg,0.9781921,0.0019115896,0.004204885,0.015691403
116.jpeg,0.97813606,0.0014815307,0.0033793729,0.017003104
1172.jpeg,0.97868407,0.0017828561,0.0036505593,0.015882537
1173.jpeg,0.9757835,0.0015348651,0.0073961075,0.015285536
1174.jpeg,0.97560996,0.0024763325,0.003886377,0.01802733
118.jpeg,0.9791675,0.0012446614,0.00354591,0.01604189
1184.jpeg,0.97753096,0.0023293803,0.0049158125,0.015223906
119.jpeg,0.9599662,0.008553992,0.006077364,0.025402462
1194.jpeg,0.9758507,0.0018033086,0.0049051773,0.017440852
1201.jpeg,0.97198623,0.0036186776,0.005171447,0.019223647
1203.jpeg,0.97658414,0.0016145003,0.0047673164,0.01703405
1205.jpeg,0.97275853,0.0027983892,0.006621026,0.017822005
1206.jpeg,0.9766437,0.0017519579,0.0054439325,0.016160442
1208.jpeg,0.9764346,0.0017611706,0.0043155393,0.017488698
1210.jpeg,0.9805622,0.0013873425,0.0031572985,0.014893168
1217.jpeg,0.97560763,0.0025627757,0.004574077,0.0172555
1225.jpeg,0.97670674,0.0019232503,0.004179702,0.01719029
1236.jpeg,0.97127765,0.0022324303,0.0055855988,0.02090434
125.jpeg,0.97603315,0.0013036667,0.005075674,0.017587468
1256.jpeg,0.9759143,0.0019209895,0.0045527443,0.017612034
1259.jpeg,0.9750223,0.002901644,0.0045794914,0.017496543
1263.jpeg,0.9672672,0.0015642303,0.01150513,0.01966343
1272.jpeg,0.9742121,0.0015053689,0.008495282,0.015787257
128.jpeg,0.9750722,0.0021246343,0.004498933,0.018304214
1280.jpeg,0.97512674,0.0021806003,0.004437278,0.018255407
1282.jpeg,0.9798391,0.0010981687,0.0044122087,0.01465052
1288.jpeg,0.97834873,0.0015186464,0.0036899648,0.016442709
1289.jpeg,0.9616053,0.006112219,0.010813115,0.021469375
1292.jpeg,0.97503734,0.0013994236,0.0055455454,0.018017745
1298.jpeg,0.9778142,0.0017941531,0.0035937019,0.016797956
1303.jpeg,0.98098737,0.00097196375,0.0028269766,0.015213755
131.jpeg,0.9752723,0.002194388,0.004602354,0.017930975
1313.jpeg,0.9777532,0.0016528018,0.0043171784,0.016276909
1315.jpeg,0.97617584,0.0014371977,0.00856026,0.013826698
1316.jpeg,0.9754073,0.0020312048,0.0042222515,0.018339247
1318.jpeg,0.97784394,0.0013906586,0.004406484,0.016358918
1337.jpeg,0.97941375,0.0009856548,0.0034661968,0.016134383
1339.jpeg,0.9787124,0.0011182667,0.0044116494,0.01575769
134.jpeg,0.97502697,0.0055688233,0.0037361593,0.015668027
1345.jpeg,0.9759288,0.0024015033,0.0046587484,0.017010942
1346.jpeg,0.97419214,0.0022106043,0.004906825,0.018690411
1350.jpeg,0.97458947,0.0029180883,0.004302235,0.018190207
1357.jpeg,0.9735867,0.004249572,0.004128149,0.018035682
1363.jpeg,0.97162116,0.0013251447,0.0055115437,0.021542115
1368.jpeg,0.973218,0.004435836,0.0034419773,0.01890414
1370.jpeg,0.9751017,0.003034121,0.004171528,0.017692612
1375.jpeg,0.9685097,0.0032194036,0.0063503576,0.021920588
139.jpeg,0.97490776,0.0022399025,0.0048923586,0.017960006
1395.jpeg,0.97626466,0.0015645425,0.005601626,0.01656912
1398.jpeg,0.9611622,0.0017642048,0.020021267,0.01705237
14.jpeg,0.00088328676,7.179916e-05,0.0018122518,0.9972326
1400.jpeg,0.002030729,0.0014276011,0.9848362,0.0117054405
1405.jpeg,0.001323226,0.9771632,0.0014148715,0.020098688
1414.jpeg,0.0011497727,0.06005153,0.91757894,0.021219715
1421.jpeg,0.0024424468,0.9664743,0.004653258,0.026430055
1424.jpeg,0.0023589807,0.9668013,0.0036329408,0.027206797
1425.jpeg,0.0010723807,0.028045624,0.95637923,0.014502716
1428.jpeg,0.003069218,0.96179116,0.0056082923,0.02953133
1431.jpeg,0.0038885,0.00022211422,0.98581576,0.010073602
1433.jpeg,0.0011436539,0.0004467418,0.9868367,0.011572886
1436.jpeg,0.0041731745,0.9645775,0.00500737,0.02624197
1440.jpeg,0.0122550735,0.9610696,0.00453109,0.022144329
1445.jpeg,0.0034433077,0.96697974,0.0043497104,0.025227224
1446.jpeg,0.005806988,0.0023650825,0.98414344,0.0076845186
1447.jpeg,0.0019492522,0.7891916,0.18696925,0.02188997
1458.jpeg,0.0019078879,0.0016741059,0.9859054,0.010512588
1459.jpeg,0.0024310732,0.006918301,0.97772694,0.012923668
1462.jpeg,0.0030578703,0.6260772,0.35156357,0.019301372
1466.jpeg,0.0045680576,0.31734937,0.6581907,0.019891867
1467.jpeg,0.004213399,0.6886481,0.28557298,0.021565547
1470.jpeg,0.5748341,0.0015972885,0.39277777,0.030790795
1484.jpeg,0.004268838,0.95582414,0.011981223,0.027925804
1486.jpeg,0.0046326043,0.9656384,0.005406421,0.024322612
1490.jpeg,0.0026648925,0.96225256,0.0066005685,0.028481979
1491.jpeg,0.0053719855,0.94621646,0.02676988,0.021641606
1498.jpeg,0.0038484319,0.9646984,0.005168678,0.026284477
150.jpeg,0.9547501,0.008052932,0.012301975,0.024894958
1510.jpeg,0.0022977064,0.008648522,0.9750799,0.013973817
1519.jpeg,0.0020961014,0.064696446,0.91807574,0.015131634
1522.jpeg,0.0033231194,0.9433341,0.029536381,0.023806404
153.jpeg,0.9713229,0.0037287935,0.0046911277,0.020257166
1559.jpeg,0.005095957,0.2873856,0.68055403,0.026964346
1562.jpeg,0.0032981406,0.31820408,0.6601492,0.018348588
1566.jpeg,0.0032055858,0.0014287191,0.9790418,0.016323837
1573.jpeg,0.0078027667,0.95634246,0.0098110605,0.026043657
1574.jpeg,0.001977944,0.0013629855,0.98354816,0.013110926
1575.jpeg,0.011960948,0.042330045,0.93070364,0.015005355
1591.jpeg,0.0025945432,0.79465806,0.18049058,0.022256818
1596.jpeg,0.95328236,0.010728689,0.018357402,0.017631557
1598.jpeg,0.006926275,0.9191487,0.04602462,0.027900407
1604.jpeg,0.003879742,0.9604867,0.0063039646,0.029329568
161.jpeg,0.97564346,0.0027344048,0.0047083287,0.016913757
1615.jpeg,0.0024439616,0.0006542802,0.9831364,0.013765385
1624.jpeg,0.0049823015,0.042726833,0.94005746,0.012233363
1633.jpeg,0.0033884896,0.9632107,0.008010922,0.025389835
1638.jpeg,0.0040576155,0.9638299,0.0067549176,0.025357518
1639.jpeg,0.0028152554,0.064634964,0.91509175,0.017458042
1648.jpeg,0.004482683,0.96733165,0.0030896654,0.025095994
1656.jpeg,0.0031309293,0.0010718483,0.9835216,0.012275653
1661.jpeg,0.004111211,0.9576026,0.010479833,0.027806336
1662.jpeg,0.0030838277,0.0031014034,0.9846986,0.009116196
1672.jpeg,0.026798801,0.00089114544,0.95318484,0.019125214
1675.jpeg,0.04005106,0.02009237,0.9212757,0.018580863
1676.jpeg,0.4120776,0.00039148517,0.5567194,0.030811429
1678.jpeg,0.004268937,0.96948874,0.0027104707,0.0235318
1681.jpeg,0.002419386,0.0051237126,0.97734773,0.015109204
1682.jpeg,0.0041166,0.9663991,0.0034204624,0.026063938
1684.jpeg,0.005220351,0.9674025,0.003302903,0.024074208
1687.jpeg,0.20329884,0.008818371,0.77084136,0.01704145
1693.jpeg,0.0014062668,0.019948639,0.96554375,0.01310133
1695.jpeg,0.010827849,0.587577,0.37466037,0.026934743
1703.jpeg,0.002023657,0.96937525,0.007296501,0.021304592
1709.jpeg,0.004984057,0.96426207,0.004148762,0.026605075
171.jpeg,0.97679144,0.002451099,0.004053744,0.016703654
1715.jpeg,0.004925908,0.96364075,0.0052150907,0.026218303
172.jpeg,0.97681916,0.0013485866,0.0038937062,0.017938558
173.jpeg,0.9763329,0.0019447103,0.0046630725,0.017059317
1730.jpeg,0.0015086222,0.009156022,0.9785547,0.0107806595
1736.jpeg,0.0014435269,0.008076993,0.9783921,0.012087321
1737.jpeg,0.0021985925,0.0062430254,0.9775521,0.014006298
1739.jpeg,0.0018220415,0.0058360314,0.9768131,0.015528788
1740.jpeg,0.0032933014,0.03179688,0.9474974,0.017412364
175.jpeg,0.9789982,0.0012525631,0.0039612423,0.015787963
1753.jpeg,0.0025457733,0.0010598776,0.98241985,0.013974494
1756.jpeg,0.004547781,0.9607558,0.010940554,0.023755727
1757.jpeg,0.0018355316,0.96002245,0.018410504,0.019731577
1759.jpeg,0.0015618416,0.0003262314,0.9862349,0.011877053
1761.jpeg,0.002460101,0.0021247147,0.9815142,0.013900966
1763.jpeg,0.0019979316,0.0020792324,0.9804596,0.015463306
1769.jpeg,0.0022208847,0.00038189752,0.98548675,0.011910526
1770.jpeg,0.0019052526,0.96851265,0.0066814777,0.022900598
1772.jpeg,0.0015529029,0.003630994,0.9795951,0.015220992
1774.jpeg,0.0024715601,0.00046478614,0.9859487,0.0111149475
1788.jpeg,0.0022252304,0.015208043,0.9663482,0.016218502
1793.jpeg,0.01756437,0.73449516,0.21414399,0.03379648
18.jpeg,0.0103147635,0.00030035438,0.00071240787,0.9886725
1807.jpeg,0.0021513086,0.0033819883,0.98041165,0.014054994
1813.jpeg,0.0030918329,0.9667319,0.0030544382,0.02712184
1816.jpeg,0.0040414324,0.9658213,0.0036992463,0.026437957
1819.jpeg,0.001686874,0.97046274,0.0031697412,0.024680655
1822.jpeg,0.0033982745,0.9555871,0.013426146,0.02758848
1829.jpeg,0.24216165,0.72074306,0.010828823,0.026266439
1848.jpeg,0.017068913,0.78730345,0.16503263,0.03059498
1855.jpeg,0.008063244,0.8485539,0.12264492,0.020737909
1857.jpeg,0.0019966413,0.9584955,0.024266219,0.015241677
1863.jpeg,0.0016936604,0.16688468,0.81616306,0.015258607
1864.jpeg,0.0025501905,0.66316116,0.3109304,0.023358243
1869.jpeg,0.29006395,0.06380112,0.62517136,0.02096358
1877.jpeg,0.0015459405,0.8951124,0.086374246,0.016967427
1880.jpeg,0.0025964319,0.9681816,0.0053221406,0.02389976
1889.jpeg,0.0021730652,0.058125883,0.92570937,0.013991688
1904.jpeg,0.0025147696,0.0035690921,0.98056763,0.013348543
1909.jpeg,0.018220784,0.006172868,0.9649432,0.010663173
1916.jpeg,0.0019679456,0.0037424413,0.9814323,0.012857288
1924.jpeg,0.0025164045,0.0008624937,0.98333585,0.013285229
1932.jpeg,0.0018559569,0.0004897748,0.9853848,0.0122694615
1937.jpeg,0.005061944,0.9671023,0.004667129,0.023168685
194.jpeg,0.97520375,0.0025426394,0.0048608836,0.017392626
1944.jpeg,0.0024495241,0.0032821612,0.9872774,0.0069909235
195.jpeg,0.9697672,0.003362639,0.0060591497,0.020811014
1953.jpeg,0.004114429,0.7525562,0.22624516,0.017084261
196.jpeg,0.9753257,0.001492171,0.0058974074,0.017284751
1966.jpeg,0.0011463992,0.19385935,0.78210044,0.022893831
1971.jpeg,0.006028084,0.8406179,0.1305327,0.022821255
198.jpeg,0.9779243,0.0013434754,0.005169551,0.015562695
1983.jpeg,0.0033241436,0.77583265,0.1983097,0.02253351
1989.jpeg,0.002226373,0.009506486,0.9773872,0.010879928
1990.jpeg,0.0034794859,0.52125144,0.45231456,0.022954512
1993.jpeg,0.0018228033,0.049893267,0.93154776,0.016736146
1995.jpeg,0.0019365306,0.0005568508,0.983764,0.013742593
1997.jpeg,0.005865124,0.19876336,0.7738426,0.021528937
20.jpeg,0.32473844,0.0017825426,0.0029875739,0.6704914
2006.jpeg,0.0036024791,0.83613765,0.13828288,0.021976974
2010.jpeg,0.00093444576,0.00032908996,0.9891799,0.009556573
2021.jpeg,0.0046692076,0.9634021,0.0052538468,0.026674889
2031.jpeg,0.002245227,0.013604179,0.9717133,0.012437291
2035.jpeg,0.0020912671,0.017432055,0.96311116,0.017365543
2039.jpeg,0.0011924736,0.0003006808,0.9868147,0.01169215
204.jpeg,0.9746715,0.0017373489,0.0058122016,0.017778946
2040.jpeg,0.002088222,0.0030454022,0.97971857,0.015147802
2042.jpeg,0.004593402,0.9619323,0.0060469727,0.027427396
2044.jpeg,0.0051311883,0.9562456,0.007926715,0.030696481
2045.jpeg,0.004443503,0.9573919,0.014241897,0.023922712
2052.jpeg,0.0016434421,0.94732916,0.027001474,0.024025949
2057.jpeg,0.0047325455,0.8475274,0.1283329,0.019407153
2062.jpeg,0.001554053,0.028572317,0.95582545,0.014048122
2068.jpeg,0.0040909573,0.9583927,0.014006573,0.023509797
2085.jpeg,0.0042140717,0.96166104,0.00779766,0.026327234
2087.jpeg,0.0025507319,0.9336088,0.04000718,0.023833284
2105.jpeg,0.003187681,0.9655469,0.010358429,0.020906994
2113.jpeg,0.0091214515,0.9567348,0.011242438,0.022901403
2116.jpeg,0.0040660934,0.96621275,0.0067771366,0.022944057
2121.jpeg,0.0031451778,0.93679655,0.035753552,0.024304708
2125.jpeg,0.005145507,0.96602404,0.007199548,0.021630881
213.jpeg,0.9788234,0.0015144235,0.0036179689,0.01604413
2131.jpeg,0.004266247,0.96454585,0.0060481806,0.02513979
2136.jpeg,0.02201147,0.78289044,0.17741707,0.01768101
2142.jpeg,0.00417318,0.00080775545,0.98501796,0.010001112
2144.jpeg,0.08974288,0.10757651,0.7822359,0.020444766
2153.jpeg,0.0026441005,0.007094203,0.9729037,0.01735802
2156.jpeg,0.0019289351,0.43871266,0.53267276,0.026685707
2158.jpeg,0.004599941,0.9629145,0.0076550706,0.024830433
2162.jpeg,0.0027170274,0.04024095,0.9434664,0.01357555
2166.jpeg,0.0026550884,0.0009583346,0.9852954,0.011091155
2178.jpeg,0.0013715535,0.004674104,0.9837192,0.010235159
218.jpeg,0.96376324,0.0009527805,0.020433826,0.01485015
2181.jpeg,0.0017589371,0.003788022,0.980788,0.013665091
2190.jpeg,0.0027913775,0.86409444,0.11422745,0.018886691
2191.jpeg,0.0009469401,0.00018007001,0.9870693,0.011803665
2199.jpeg,0.001631937,0.0022893874,0.9841178,0.011960875
22.jpeg,0.00040882948,0.00017067551,0.00048049339,0.99894
2201.jpeg,0.003021146,0.001631358,0.9840789,0.011268682
2203.jpeg,0.0051737363,0.9599167,0.011079355,0.023830265
2204.jpeg,0.0026502747,0.016750675,0.9618025,0.018796593
2205.jpeg,0.0049730204,0.6339866,0.33597618,0.025064213
2208.jpeg,0.0029397367,0.24795735,0.7362491,0.012853868
2211.jpeg,0.013112071,0.0010121939,0.96581465,0.02006108
2212.jpeg,0.0019514288,0.75121903,0.22244291,0.024386637
2225.jpeg,0.0024680349,0.0016682552,0.98227596,0.013587731
2228.jpeg,0.009968496,0.6590145,0.30034173,0.030675218
223.jpeg,0.82229173,0.017311068,0.14060271,0.019794535
2234.jpeg,0.003651705,0.9581735,0.016861377,0.021313343
2237.jpeg,0.0025014472,0.0399165,0.94624937,0.011332713
2252.jpeg,0.005277691,0.9673894,0.007009968,0.020322941
2261.jpeg,0.0023766377,0.0007320644,0.98162913,0.015262129
2262.jpeg,0.0070088827,0.23160645,0.7446097,0.016774954
2267.jpeg,0.004907973,0.30515555,0.6712237,0.018712774
227.jpeg,0.9778443,0.0011167604,0.0039760903,0.017062876
2279.jpeg,0.0038694146,0.5860105,0.3828287,0.02729133
228.jpeg,0.97603625,0.0013548168,0.00839561,0.014213376
2285.jpeg,0.0030599532,0.004920032,0.98008186,0.011938204
2286.jpeg,0.0010861869,0.013523361,0.9723236,0.013066941
2300.jpeg,0.0026963446,0.3486438,0.6297588,0.018901097
2308.jpeg,0.003867866,0.03408584,0.94550943,0.016536873
2313.jpeg,0.0038651535,0.0010687027,0.9821875,0.012878631
2314.jpeg,0.0013461348,0.0035459367,0.9819917,0.013116213
232.jpeg,0.976513,0.0014954476,0.004494333,0.017497169
2322.jpeg,0.013792357,0.1031023,0.8706025,0.012502905
2332.jpeg,0.0033121407,0.00035496027,0.9818568,0.014476094
2335.jpeg,0.003256779,0.96316975,0.009177787,0.024395693
2336.jpeg,0.0016100686,0.20120904,0.7735399,0.023640973
2338.jpeg,0.029564656,0.018970508,0.9380287,0.013436121
2344.jpeg,0.0035059385,0.8110904,0.15611656,0.029287063
2345.jpeg,0.0029290447,0.750396,0.22693568,0.01973927
2349.jpeg,0.0052409815,0.94825554,0.030970048,0.015533409
2353.jpeg,0.002275527,0.0015365345,0.98374707,0.012440876
2365.jpeg,0.0020926483,0.017202884,0.96294063,0.017763846
2366.jpeg,0.013528249,0.0017645513,0.9743576,0.010349536
2382.jpeg,0.0035476496,0.60911417,0.35957503,0.027763126
2384.jpeg,0.002240634,0.22703442,0.7411858,0.029539209
2385.jpeg,0.001608384,0.33876646,0.6399577,0.019667394
2386.jpeg,0.001466291,0.947073,0.028995208,0.022465445
2389.jpeg,0.0026227355,0.9593998,0.011829596,0.026147818
2391.jpeg,0.009325236,0.24446052,0.7136953,0.032518957
2392.jpeg,0.0027813446,0.85590947,0.12122278,0.0200865
2400.jpeg,0.932141,0.013873393,0.023349904,0.030635733
2405.jpeg,0.0038156617,0.9662905,0.01079393,0.01909993
2407.jpeg,0.0034297083,0.9487009,0.021657806,0.026211616
2410.jpeg,0.00405621,0.9628385,0.0048346957,0.028270599
2414.jpeg,0.031814985,0.61118364,0.31669563,0.04030573
2419.jpeg,0.0028494664,0.7346107,0.24440376,0.018136114
242.jpeg,0.97685647,0.0015096935,0.004006601,0.017627193
2420.jpeg,0.0027950846,0.20468482,0.7721262,0.020393863
2434.jpeg,0.0020545193,0.003229428,0.9796767,0.015039375
2441.jpeg,0.0044051907,0.7480783,0.217906,0.029610526
2448.jpeg,0.002874453,0.32326856,0.6476577,0.026199263
2453.jpeg,0.002224372,0.4266087,0.5513311,0.019835822
2454.jpeg,0.003665945,0.0006140731,0.98343027,0.012289627
246.jpeg,0.9770403,0.0015654842,0.00406232,0.017331945
2463.jpeg,0.0028673287,0.9728596,0.0021096116,0.022163391
2464.jpeg,0.0016914645,0.9732012,0.0028083362,0.022299035
2466.jpeg,0.0017619705,0.0018090238,0.98437303,0.012055945
2470.jpeg,0.0035103634,0.24442123,0.7102042,0.041864187
2475.jpeg,0.018604655,0.6845736,0.26053035,0.03629149
2480.jpeg,0.0019878172,0.00030082068,0.9870069,0.010704454
2486.jpeg,0.004859637,0.14633922,0.8282041,0.02059706
250.jpeg,0.9658601,0.0016221418,0.014471434,0.018046338
2501.jpeg,0.0028156366,0.058174655,0.9253759,0.013633835
2504.jpeg,0.0017335365,0.0011748176,0.9835406,0.013551002
2509.jpeg,0.0019863974,0.2360293,0.7454181,0.01656624
251.jpeg,0.9784748,0.0020422395,0.003922643,0.015560348
2513.jpeg,0.003377814,0.19393522,0.7674028,0.0352841
2514.jpeg,0.0056626713,0.95996577,0.00585614,0.02851541
2517.jpeg,0.30923575,0.056077912,0.60927826,0.025408125
252.jpeg,0.9742224,0.003165762,0.004390713,0.01822108
2520.jpeg,0.0029281606,0.96662295,0.0068231826,0.023625663
2523.jpeg,0.0120553635,0.8206699,0.14096244,0.026312264
2525.jpeg,0.0025078827,0.0007083485,0.9840243,0.012759441
2529.jpeg,0.0021405404,0.0017163024,0.98355126,0.012591863
2530.jpeg,0.0029346186,0.23515618,0.7398623,0.02204686
2532.jpeg,0.0019378669,0.11108555,0.8580072,0.028969359
2533.jpeg,0.02014115,0.4082071,0.53205544,0.039596297
2547.jpeg,0.0011742407,0.023904592,0.9572881,0.01763312
2554.jpeg,0.00719344,0.53977525,0.3824547,0.07057661
2556.jpeg,0.0011592366,0.0042981147,0.98043394,0.014108705
2557.jpeg,0.040428903,0.4015635,0.5352286,0.022778958
2570.jpeg,0.0042399084,0.49637333,0.47509328,0.024293512
2577.jpeg,0.0031732076,0.00078683527,0.97915196,0.016887981
2585.jpeg,0.0038660497,0.21706979,0.7504784,0.028585788
2586.jpeg,0.0023819604,0.0056151715,0.9785762,0.013426648
2594.jpeg,0.0017219896,0.0010355592,0.98547196,0.011770453
2596.jpeg,0.12132847,0.06621749,0.7823065,0.030147508
2605.jpeg,0.00049266475,9.2224145e-05,0.99081856,0.008596534
261.jpeg,0.9746601,0.0028727697,0.0040266872,0.0184405
2610.jpeg,0.0019759275,0.0008248413,0.98463494,0.012564223
2612.jpeg,0.0016499114,0.85728526,0.12023656,0.020828236
2619.jpeg,0.0026431372,0.00035780255,0.98333675,0.013662392
262.jpeg,0.97737026,0.001612727,0.004525164,0.016491838
2626.jpeg,0.00535199,0.86085826,0.113721475,0.020068191
263.jpeg,0.9742069,0.0012284196,0.011077541,0.013487102
2633.jpeg,0.0017703781,0.0019524922,0.9828659,0.013411247
2637.jpeg,0.004464678,0.91427815,0.06496963,0.01628749
264.jpeg,0.9755602,0.0017971369,0.0041481163,0.01849457
2645.jpeg,0.0015609198,0.00065966696,0.98570746,0.012071918
2653.jpeg,0.0020667354,0.00035419848,0.98705715,0.010521965
2656.jpeg,0.00820649,0.0055897627,0.9728611,0.013342636
2663.jpeg,0.018145489,0.0038796077,0.9671961,0.010778796
2675.jpeg,0.0035548264,0.9655145,0.009435903,0.021494811
2676.jpeg,0.0013892775,0.0045004794,0.97867465,0.015435522
2679.jpeg,0.0021250222,0.0054051885,0.97859865,0.013871163
268.jpeg,0.9747809,0.004729343,0.0040855687,0.016404232
2681.jpeg,0.0057603484,0.6941748,0.28509814,0.014966728
2689.jpeg,0.0018843932,0.9662036,0.0055720685,0.026339918
2695.jpeg,0.0137164015,0.009931944,0.95590395,0.020447712
2702.jpeg,0.0030402825,0.89785814,0.07818537,0.02091616
2706.jpeg,0.003080387,0.9381444,0.038426463,0.020348744
2710.jpeg,0.0017161756,0.92307,0.05581686,0.019396918
2713.jpeg,0.004102764,0.96502006,0.00487719,0.025999928
2716.jpeg,0.0035480128,0.7962608,0.18516502,0.015026182
2717.jpeg,0.003048528,0.049904115,0.9345671,0.012480264
2718.jpeg,0.0042318357,0.96166325,0.0071657957,0.026939122
2722.jpeg,0.0040826453,0.9613548,0.008411289,0.026151244
2731.jpeg,0.0029213466,0.93740237,0.032367695,0.027308581
2733.jpeg,0.0023132132,0.81949973,0.15617979,0.022007309
2738.jpeg,0.0026873734,0.059015155,0.9187612,0.019536277
2740.jpeg,0.0028409783,0.5301563,0.45041776,0.01658493
2746.jpeg,0.0027471753,0.008116128,0.9711727,0.017963992
2752.jpeg,0.01720195,0.96004236,0.0040562022,0.018699486
2757.jpeg,0.0016244646,0.019681424,0.95739585,0.021298256
2765.jpeg,0.0036071027,0.96193373,0.0079416325,0.026517555
277.jpeg,0.97433627,0.002957398,0.0043229326,0.018383443
2772.jpeg,0.003589563,0.3332768,0.640397,0.022736639
278.jpeg,0.977068,0.001408665,0.004433997,0.017089326
2781.jpeg,0.0019214881,0.010816703,0.9719535,0.015308283
2789.jpeg,0.007819499,0.008192435,0.97228515,0.011702903
2791.jpeg,0.004613748,0.87448764,0.09811127,0.022787312
2794.jpeg,0.0023443524,0.76442915,0.21493796,0.01828857
2795.jpeg,0.0013139615,0.0002595734,0.98643637,0.011990098
2796.jpeg,0.0025987523,0.9644567,0.008906212,0.02403843
28.jpeg,0.00084051176,0.00014838786,0.0018180922,0.99719304
2811.jpeg,0.015191832,0.6580107,0.29823774,0.028559726
2816.jpeg,0.0031241216,0.88018644,0.0973966,0.019292824
2824.jpeg,0.0030847292,0.9635163,0.008752251,0.024646712
2828.jpeg,0.006811659,0.0035981452,0.9794783,0.010111889
2840.jpeg,0.0040888903,0.8761921,0.09906804,0.02065102
2853.jpeg,0.0033212362,0.6859421,0.29007298,0.020663641
2861.jpeg,0.0017670072,0.6365521,0.34428918,0.01739171
2864.jpeg,0.0026088455,0.7049842,0.27157182,0.020835176
287.jpeg,0.9815777,0.0007529806,0.0029653627,0.0147040095
2871.jpeg,0.0045811837,0.0021799202,0.9775073,0.01573162
2878.jpeg,0.0023289663,0.004017377,0.9775798,0.016073894
2880.jpeg,0.0025421397,0.09891654,0.8835758,0.01496559
2890.jpeg,0.00080877263,0.00037927506,0.9862625,0.012549418
2893.jpeg,0.003709717,0.96283543,0.0060344087,0.027420394
2894.jpeg,0.005184711,0.96116924,0.008130953,0.025515113
2898.jpeg,0.0014313059,0.88293433,0.08998248,0.025651915
2899.jpeg,0.0032751833,0.0007215725,0.983663,0.012340225
2902.jpeg,0.0028697662,0.9341452,0.044699512,0.018285526
2907.jpeg,0.010379039,0.8251165,0.1404528,0.024051603
2913.jpeg,0.003502836,0.3420121,0.6336074,0.020877674
2916.jpeg,0.0022638307,0.0026467426,0.9803772,0.014712309
2918.jpeg,0.000288824,6.1193714e-05,0.9917135,0.007936428
2931.jpeg,0.033032965,0.94312876,0.006028514,0.017809767
2934.jpeg,0.013176681,0.95324785,0.0058495034,0.027726032
2935.jpeg,0.004552318,0.96670705,0.0038731145,0.02486749
2940.jpeg,0.0017303079,0.00079096376,0.98463565,0.012843101
2941.jpeg,0.0034941146,0.9693484,0.009665305,0.017492147
2943.jpeg,0.006188825,0.95756084,0.005523287,0.030727025
2953.jpeg,0.0022885576,0.0073345597,0.97738296,0.012993876
2959.jpeg,0.0035662986,0.0013521155,0.9808426,0.014239034
296.jpeg,0.9767313,0.0017785745,0.0043738554,0.017116206
2960.jpeg,0.0035488005,0.9636847,0.006596504,0.026169954
2962.jpeg,0.0019902936,0.9482694,0.026755668,0.022984639
2966.jpeg,0.004215628,0.9668648,0.0048904005,0.024029093
2970.jpeg,0.0026579897,0.9667356,0.003290857,0.027315559
2976.jpeg,0.0047247657,0.9647254,0.007954223,0.022595642
2980.jpeg,0.002159162,0.9717699,0.0034610545,0.022609834
2985.jpeg,0.0022252556,0.054863773,0.9227843,0.020126631
2988.jpeg,0.01327598,0.13107695,0.84087837,0.014768673
2990.jpeg,0.0020991098,0.9690986,0.003880862,0.02492143
2993.jpeg,0.0027579004,0.9692801,0.0029619334,0.025000064
2995.jpeg,0.001876933,0.9676541,0.0059277425,0.024541281
2997.jpeg,0.0039852196,0.9663529,0.003312847,0.026349049
3003.jpeg,0.004820819,0.9199308,0.050819393,0.024428945
3005.jpeg,0.003930385,0.9533833,0.012810608,0.029875677
3009.jpeg,0.0025550905,0.96444297,0.0068001403,0.026201824
302.jpeg,0.97259736,0.0011727402,0.008475461,0.01775447
3020.jpeg,0.0019693663,0.9481658,0.023192104,0.0266727
3021.jpeg,0.003069072,0.96176493,0.008414575,0.026751507
3023.jpeg,0.0036143425,0.9617138,0.004706935,0.029964896
3024.jpeg,0.0029254616,0.9605404,0.009036033,0.027498033
3025.jpeg,0.0026553913,0.96754324,0.008118071,0.021683222
3028.jpeg,0.020359842,0.013975712,0.94936585,0.01629865
3032.jpeg,0.0037899944,0.96654725,0.008446938,0.021215856
3037.jpeg,0.0042360276,0.91772985,0.053707708,0.024326375
3039.jpeg,0.0046082684,0.8027055,0.16391294,0.028773226
304.jpeg,0.9764991,0.0016909,0.004834524,0.01697554
3043.jpeg,0.0029254768,0.96487236,0.005849494,0.026352704
3044.jpeg,0.0026788246,0.96561795,0.007435138,0.024268067
3046.jpeg,0.0029729786,0.96949434,0.0037003937,0.023832344
3047.jpeg,0.004118528,0.96771723,0.0033785417,0.024785705
3048.jpeg,0.0041847704,0.9653311,0.0045269947,0.025957156
3052.jpeg,0.002148483,0.9726564,0.0025058151,0.022689283
3053.jpeg,0.0024136286,0.9632818,0.014420127,0.019884448
3055.jpeg,0.0022845448,0.9694383,0.0036030142,0.024674095
3065.jpeg,0.0033805482,0.96236014,0.0056275576,0.028631782
3069.jpeg,0.0032145656,0.91571826,0.059917334,0.021149887
307.jpeg,0.975983,0.0019303178,0.005500692,0.016585967
3074.jpeg,0.0030893413,0.9675565,0.0041881483,0.025166025
3079.jpeg,0.0018692716,0.8058996,0.17334706,0.01888404
308.jpeg,0.9792538,0.0013167339,0.00313009,0.016299382
3082.jpeg,0.0061437953,0.9610107,0.0066422382,0.026203293
3089.jpeg,0.0059579825,0.9631497,0.004635331,0.026256954
3093.jpeg,0.0060305516,0.96607375,0.0043429825,0.023552718
3097.jpeg,0.0011085346,0.0037396734,0.98183984,0.013311961
310.jpeg,0.97699696,0.0015790258,0.004678343,0.016745692
3101.jpeg,0.00299734,0.9490066,0.02329381,0.024702176
3111.jpeg,0.0022119575,0.016770558,0.9684466,0.012570866
3121.jpeg,0.0014436364,0.07619224,0.9083563,0.014007785
3122.jpeg,0.018852372,0.9175528,0.021555178,0.042039633
3126.jpeg,0.0021209768,0.016416805,0.9665615,0.014900691
3131.jpeg,0.0017956111,0.16238095,0.8197005,0.016122984
3132.jpeg,0.0043319273,0.9339181,0.03686435,0.024885576
3137.jpeg,0.0027487145,0.47035936,0.49287784,0.03401409
3139.jpeg,0.0021064111,0.9519052,0.020115627,0.025872786
3146.jpeg,0.0043816837,0.44123855,0.534891,0.019488793
3148.jpeg,0.002249828,0.14624149,0.83033216,0.021176564
3150.jpeg,0.021098195,0.25814563,0.6984887,0.0222674
3151.jpeg,0.0030126437,0.10948581,0.8730014,0.014500156
3164.jpeg,0.0026830742,0.00085235987,0.98330015,0.013164427
3175.jpeg,0.003916489,0.9409001,0.028155081,0.027028255
3181.jpeg,0.0027191355,0.8949629,0.085401885,0.016916111
3186.jpeg,0.0037533261,0.2701053,0.7008456,0.025295764
3187.jpeg,0.0023453105,0.010076567,0.97224075,0.015337413
3188.jpeg,0.0012286627,0.105363145,0.87736684,0.01604139
3191.jpeg,0.003541808,0.78276974,0.19536945,0.018319035
3193.jpeg,0.0040516043,0.9521383,0.019120779,0.024689322
3198.jpeg,0.0018344056,0.015171015,0.9723718,0.010622804
3199.jpeg,0.0022118767,0.015986528,0.9682864,0.013515271
3207.jpeg,0.0022248458,0.64340395,0.33654743,0.017823732
3209.jpeg,0.0017419226,0.00093966286,0.98597616,0.011342298
3227.jpeg,0.010647016,0.001121127,0.9787946,0.009437299
3234.jpeg,0.029694807,0.016610991,0.93904984,0.014644389
3237.jpeg,0.7993744,0.14843184,0.027707098,0.024486678
324.jpeg,0.9753033,0.0023505217,0.0049922536,0.017353898
3240.jpeg,0.008159263,0.038376786,0.9282804,0.025183542
3245.jpeg,0.004182066,0.967013,0.0033980792,0.025406819
3250.jpeg,0.003460891,0.68727183,0.28352457,0.025742706
3253.jpeg,0.0036802369,0.9657001,0.0033880381,0.027231656
3257.jpeg,0.033470538,0.88606596,0.051367637,0.029095858
3260.jpeg,0.809955,0.15976313,0.009700056,0.020581856
3264.jpeg,0.002631807,0.96881807,0.00835988,0.020190269
3274.jpeg,0.0038826012,0.96253383,0.007997843,0.02558576
3290.jpeg,0.0050093033,0.9650409,0.0047951494,0.025154578
3305.jpeg,0.0027703384,0.946636,0.02874609,0.021847561
3307.jpeg,0.044428065,0.8232319,0.10102948,0.031310637
3317.jpeg,0.0075183846,0.96204406,0.005027403,0.025410153
3321.jpeg,0.00661471,0.8272516,0.15163638,0.014497359
3323.jpeg,0.0028976393,0.90525675,0.06697592,0.024869708
3325.jpeg,0.0039578276,0.9596375,0.006984471,0.029420186
3326.jpeg,0.0069994912,0.9622903,0.0052387845,0.025471412
3327.jpeg,0.9334165,0.014889308,0.022049215,0.02964505
3328.jpeg,0.002404109,0.7823837,0.19523859,0.019973563
3331.jpeg,0.004533965,0.9519407,0.018848252,0.02467704
3332.jpeg,0.0021919503,0.9688708,0.0031051263,0.025832113
3334.jpeg,0.0028360204,0.96712697,0.0037294386,0.02630757
3338.jpeg,0.004090352,0.009485805,0.9769269,0.009496967
3339.jpeg,0.18789083,0.043359406,0.7462031,0.022546643
3341.jpeg,0.0057624867,0.95995367,0.0077372277,0.02654656
3342.jpeg,0.0046842555,0.7540978,0.22640812,0.0148097025
3345.jpeg,0.004254602,0.814003,0.16325437,0.018488042
3351.jpeg,0.0024663156,0.70982754,0.26041597,0.027290147
3352.jpeg,0.0019117193,0.23760185,0.7448447,0.015641766
3354.jpeg,0.7622705,0.19403878,0.007694872,0.03599591
3363.jpeg,0.0039753886,0.9625778,0.008615917,0.024830833
3368.jpeg,0.0035226156,0.96264213,0.0085172625,0.025317986
3369.jpeg,0.0033623877,0.9627883,0.0082972115,0.025552154
3373.jpeg,0.08968073,0.6319992,0.23536599,0.042954072
3376.jpeg,0.13583994,0.6548171,0.17827205,0.031070907
3379.jpeg,0.0013213751,0.007972197,0.9784929,0.0122134825
3382.jpeg,0.0031315438,0.9676944,0.0035649026,0.025609128
3388.jpeg,0.0031681624,0.9663441,0.0038495988,0.026638117
3389.jpeg,0.002781909,0.96509206,0.0078482255,0.024277855
3394.jpeg,0.0045259004,0.9639337,0.004899768,0.026640622
3397.jpeg,0.0030751,0.94721305,0.030840272,0.01887159
3408.jpeg,0.0046872115,0.96418947,0.005712207,0.025411095
3411.jpeg,0.072145395,0.0018481757,0.9094598,0.016546572
3416.jpeg,0.0037715733,0.9582981,0.017957814,0.0199725
3419.jpeg,0.0044801836,0.95962036,0.009456053,0.026443427
3426.jpeg,0.0042734067,0.96640825,0.013610489,0.01570785
3428.jpeg,0.004269136,0.9637531,0.0047571952,0.027220549
3437.jpeg,0.007778481,0.9650477,0.0031353587,0.024038456
3440.jpeg,0.0047239577,0.9586792,0.009801423,0.026795443
3441.jpeg,0.0027003489,0.96782464,0.0032300237,0.02624497
3447.jpeg,0.0034207648,0.9661928,0.0064742113,0.023912199
345.jpeg,0.97641253,0.0017690012,0.004769965,0.017048536
3455.jpeg,0.0040468243,0.0030485063,0.9834138,0.009490866
3462.jpeg,0.005665216,0.9443368,0.02242016,0.027577851
3464.jpeg,0.0048687747,0.9566199,0.007961073,0.030550208
3468.jpeg,0.004241208,0.96695894,0.0037235958,0.025076251
3470.jpeg,0.002397086,0.9524258,0.024099171,0.02107795
3475.jpeg,0.0026928806,0.97022474,0.0028753905,0.024207007
3476.jpeg,0.002802948,0.96482456,0.005484361,0.026888153
3478.jpeg,0.0052267904,0.96667814,0.0052926936,0.022802388
3481.jpeg,0.004438188,0.96570307,0.0046254024,0.025233332
3488.jpeg,0.0023560342,0.00024992574,0.9849611,0.012432937
3489.jpeg,0.0017899026,0.9673315,0.0053193606,0.025559263
349.jpeg,0.9717375,0.002302898,0.0054139555,0.020545656
3493.jpeg,0.0074339104,0.9493103,0.021835294,0.021420456
3500.jpeg,0.0020406926,0.0076752696,0.9777415,0.01254254
3506.jpeg,0.0020381236,0.7320415,0.24480927,0.021111099
3512.jpeg,0.0022687388,0.96902156,0.0062837093,0.022426005
3516.jpeg,0.0028227023,0.97085303,0.0026843548,0.023639932
352.jpeg,0.9751823,0.0015252631,0.0055242493,0.01776822
3520.jpeg,0.0018038612,0.93617857,0.039676927,0.022340689
3521.jpeg,0.0030472842,0.96584946,0.0081605995,0.022942714
3522.jpeg,0.00292924,0.95972145,0.015740784,0.02160852
3523.jpeg,0.002200964,0.9397536,0.036728594,0.021316862
3527.jpeg,0.0020520834,0.9677283,0.004888137,0.025331445
3534.jpeg,0.008187632,0.95488596,0.010450598,0.026475808
3547.jpeg,0.0019642366,0.9623667,0.014646144,0.021022964
3550.jpeg,0.08816333,0.025022238,0.86294234,0.023872111
3555.jpeg,0.005153872,0.3037532,0.67072463,0.020368267
3558.jpeg,0.29010794,0.62069845,0.06199836,0.027195264
356.jpeg,0.9757668,0.0020618686,0.004531101,0.017640302
357.jpeg,0.9769833,0.0014760672,0.0048233806,0.016717283
3571.jpeg,0.0031454815,0.51275516,0.46444362,0.019655764
3574.jpeg,0.011571656,0.001389846,0.97347146,0.013566996
3577.jpeg,0.00326592,0.8747102,0.10062003,0.021403912
3589.jpeg,0.0023824673,0.9670821,0.0076635177,0.022871949
3593.jpeg,0.0017040451,0.9630617,0.011924377,0.023309847
3594.jpeg,0.0030201299,0.9652169,0.004843449,0.026919585
3595.jpeg,0.0046385047,0.96242,0.006446545,0.026494984
3599.jpeg,0.003095756,0.9656438,0.0041278712,0.027132478
3603.jpeg,0.010634949,0.68925905,0.26306424,0.037041742
3608.jpeg,0.0026125598,0.0063935146,0.97628117,0.014712795
3612.jpeg,0.004534453,0.96494144,0.0046738265,0.025850292
3618.jpeg,0.004377246,0.023143493,0.96086496,0.011614319
3619.jpeg,0.0010126911,0.00013440203,0.98870736,0.010145578
362.jpeg,0.96341836,0.0073776026,0.0069109374,0.022293057
3635.jpeg,0.004529195,0.9617111,0.0086897705,0.025069956
3642.jpeg,0.0024852843,0.8523258,0.12574126,0.019447682
3647.jpeg,0.0027947822,0.9690641,0.0026478022,0.025493287
3648.jpeg,0.0028328148,0.9650273,0.0065727453,0.025567222
3650.jpeg,0.0021880274,0.9638598,0.00558961,0.028362602
3670.jpeg,0.0017706654,0.013022682,0.97033894,0.0148676345
3675.jpeg,0.003012113,0.96841294,0.0029395996,0.025635343
3695.jpeg,0.002755217,0.00037087343,0.98283464,0.014039258
3703.jpeg,0.0022228798,0.97284627,0.0025333548,0.02239754
371.jpeg,0.9730836,0.004087404,0.0057380865,0.017090868
3713.jpeg,0.0023599397,0.9637168,0.015587248,0.018335972
3717.jpeg,0.9392082,0.0018062742,0.037767798,0.021217767
3722.jpeg,0.0018411434,0.3014912,0.67563266,0.021034999
3728.jpeg,0.0014604602,0.9733776,0.0022483794,0.022913588
3732.jpeg,0.002469564,0.63717633,0.34411827,0.016235841
3733.jpeg,0.04019941,0.9135288,0.020575736,0.025696037
3737.jpeg,0.006421764,0.24816531,0.72086775,0.02454516
374.jpeg,0.96554583,0.0012641373,0.012485587,0.02070447
3740.jpeg,0.0007494929,0.00012940035,0.9892776,0.009843505
3744.jpeg,0.0028548096,0.00976839,0.9749371,0.012439761
3752.jpeg,0.0047743428,0.9659708,0.0064477418,0.022807157
3753.jpeg,0.01412568,0.93552,0.030029414,0.020324958
3762.jpeg,0.003030357,0.7421016,0.2363058,0.018562272
3767.jpeg,0.0039381324,0.95738715,0.012393932,0.026280794
3778.jpeg,0.006622066,0.9632109,0.0044532,0.02571387
3779.jpeg,0.0032245193,0.9667678,0.0038239073,0.026183795
3782.jpeg,0.0029808248,0.9662855,0.0039107096,0.026822977
3786.jpeg,0.18210916,0.77450836,0.020783143,0.022599334
3790.jpeg,0.0035511404,0.9670453,0.005279869,0.024123605
3798.jpeg,0.006309523,0.9609363,0.0046219076,0.028132243
38.jpeg,0.00035232728,0.00016304015,0.00067090086,0.99881375
380.jpeg,0.9764361,0.002125387,0.0050275195,0.016411046
3800.jpeg,0.002514756,0.9491143,0.025671154,0.022699753
3802.jpeg,0.0054160673,0.8314961,0.14422712,0.018860709
3805.jpeg,0.002710268,0.01481171,0.96635705,0.016120987
3807.jpeg,0.0048468984,0.9662481,0.003116292,0.025788743
3816.jpeg,0.11111539,0.6247814,0.24287306,0.021230118
3818.jpeg,0.0036071483,0.96391046,0.0063427505,0.026139636
3821.jpeg,0.1386284,0.0016637766,0.84333026,0.016377632
3844.jpeg,0.0034311442,0.9648798,0.007827525,0.023861546
3848.jpeg,0.004205571,0.96573997,0.004462749,0.0255917
3849.jpeg,0.0064489315,0.9635528,0.005989074,0.024009274
387.jpeg,0.9739945,0.0023065924,0.0047037536,0.018995143
3871.jpeg,0.0017480388,0.8173796,0.16449168,0.01638068
3874.jpeg,0.45896256,0.49528882,0.01768205,0.028066576
3879.jpeg,0.0032944852,0.9668788,0.0036032782,0.026223456
388.jpeg,0.88107693,0.0016410484,0.09592092,0.02136106
3889.jpeg,0.0034062497,0.95551646,0.020076249,0.021001078
3891.jpeg,0.0030032056,0.37563038,0.60191864,0.019447817
3892.jpeg,0.0021628093,0.036438286,0.9464402,0.014958683
390.jpeg,0.97930837,0.0018111963,0.0049716723,0.013908787
3907.jpeg,0.0038716213,0.9622291,0.010616045,0.02328325
3909.jpeg,0.0032732256,0.0006285459,0.9845837,0.011514569
392.jpeg,0.97453403,0.0017461492,0.00577941,0.017940378
3922.jpeg,0.0034407189,0.96758246,0.0072621075,0.021714699
3923.jpeg,0.0016020902,0.9717409,0.0040433467,0.022613652
3928.jpeg,0.0027786351,0.957458,0.015566825,0.02419655
3929.jpeg,0.002081494,0.931672,0.039845973,0.02640053
393.jpeg,0.9784198,0.002658818,0.0037654107,0.015156008
3935.jpeg,0.0055488907,0.0048296405,0.97954285,0.010078615
3937.jpeg,0.04750239,0.0040117293,0.9296063,0.018879574
3938.jpeg,0.00515223,0.96108997,0.00803147,0.025726335
3943.jpeg,0.0027789087,0.9665394,0.0032062538,0.027475487
3952.jpeg,0.001246487,0.00027749772,0.9877849,0.010691052
3954.jpeg,0.0026992238,0.95153064,0.020260729,0.02550932
3957.jpeg,0.0060934075,0.9631596,0.009446982,0.021300035
3958.jpeg,0.0023250955,0.96447104,0.009009926,0.024193913
3959.jpeg,0.0040269387,0.9564998,0.0130817415,0.026391521
396.jpeg,0.97328734,0.0020379715,0.005424765,0.019249875
3966.jpeg,0.0022595103,0.0003206942,0.98179376,0.015626026
3969.jpeg,0.009502234,0.4556467,0.51480955,0.020041525
397.jpeg,0.9773233,0.0025906558,0.005565877,0.014520181
3971.jpeg,0.004611614,0.96527463,0.0055889916,0.024524793
3972.jpeg,0.002642856,0.0017607219,0.9831723,0.0124241635
3977.jpeg,0.0037322037,0.56943274,0.40159044,0.025244635
3978.jpeg,0.0009767626,0.00037946983,0.98579717,0.012846557
3984.jpeg,0.0059436643,0.9028003,0.06282294,0.028433094
3990.jpeg,0.0036602025,0.9655521,0.004701348,0.026086377
3993.jpeg,0.002307692,0.9617462,0.009656947,0.026289165
3996.jpeg,0.0033635036,0.9516549,0.023548583,0.021432944
3997.jpeg,0.0031442698,0.96072185,0.011874793,0.024259083
3998.jpeg,0.0039831623,0.96551913,0.009016521,0.02148118
4002.jpeg,0.0053122863,0.87187797,0.10601691,0.01679291
4003.jpeg,0.007113228,0.9582033,0.009097591,0.025585797
4004.jpeg,0.005319224,0.0028571987,0.97787887,0.01394468
4008.jpeg,0.0033557466,0.96878695,0.0068387394,0.021018567
4023.jpeg,0.002930274,0.49331194,0.46653864,0.03721917
4033.jpeg,0.00382472,0.9639037,0.0059212176,0.0263503
4036.jpeg,0.025310457,0.9232249,0.018271023,0.03319355
4042.jpeg,0.0032591785,0.95203364,0.021158405,0.023548752
4048.jpeg,0.005231965,0.9560648,0.009507168,0.029196046
405.jpeg,0.97839844,0.0013410191,0.004781555,0.0154789835
4056.jpeg,0.0017616664,0.034394626,0.94703126,0.01681243
4070.jpeg,0.029495481,0.9359355,0.017078023,0.017491061
4071.jpeg,0.0047814357,0.9603612,0.012216094,0.022641301
4077.jpeg,0.003647004,0.88412297,0.08661498,0.025615066
408.jpeg,0.9803726,0.0013268921,0.00400203,0.014298471
4098.jpeg,0.0061636753,0.0012019657,0.982013,0.010621371
4112.jpeg,0.0030473757,0.96400857,0.007292625,0.02565141
4114.jpeg,0.93670464,0.0042819637,0.03935569,0.019657692
4117.jpeg,0.05428758,0.179033,0.7456262,0.021053191
4120.jpeg,0.0026756017,0.96076775,0.011495975,0.02506068
4122.jpeg,0.0016971163,0.00023864926,0.98535335,0.012710905
4124.jpeg,0.0064183986,0.95372504,0.012064276,0.027792282
4128.jpeg,0.004767123,0.9572662,0.009456477,0.028510245
4133.jpeg,0.10992981,0.77680355,0.07697483,0.036291838
4148.jpeg,0.018153531,0.0016273777,0.96314174,0.017077347
4150.jpeg,0.81732917,0.0029777566,0.15989952,0.019793585
4151.jpeg,0.004902285,0.9605383,0.010153626,0.024405781
4153.jpeg,0.00283684,0.9675172,0.010035013,0.019610912
4154.jpeg,0.0024161893,0.97049665,0.002879959,0.02420718
4155.jpeg,0.004831645,0.95800954,0.012313523,0.024845261
4156.jpeg,0.0030669146,0.00065110624,0.9842615,0.012020485
4169.jpeg,0.32860684,0.0946275,0.55515605,0.021609541
4178.jpeg,0.0037667789,0.95685005,0.016088953,0.023294212
4181.jpeg,0.0048852772,0.96723497,0.0075842147,0.020295495
4186.jpeg,0.0016201603,0.93586135,0.042810045,0.019708443
4191.jpeg,0.0038401438,0.96859884,0.004976019,0.022585068
42.png,0.21227689,0.0003142798,0.0011184239,0.78629047
420.jpeg,0.976416,0.0016744887,0.0047187456,0.017190842
4204.jpeg,0.0034223876,0.95595706,0.01599073,0.024629802
422.jpeg,0.97923404,0.0011888043,0.0031061189,0.016471032
4221.jpeg,0.0031624471,0.94839686,0.024514718,0.023925971
4229.jpeg,0.0049196975,0.96226126,0.004534575,0.028284429
423.jpeg,0.97940636,0.0013616087,0.0032208916,0.016011186
4237.jpeg,0.018444233,0.00036246935,0.9685546,0.012638671
4238.jpeg,0.005186091,0.95939213,0.006059128,0.029362619
4247.jpeg,0.0057712244,0.9642886,0.0057980777,0.024142094
4251.jpeg,0.0043832837,0.004940094,0.9793863,0.01129031
4255.jpeg,0.002226673,0.00028898474,0.9823802,0.01510409
4271.jpeg,0.009621449,0.9577438,0.009649832,0.022984926
4272.jpeg,0.008305721,0.73263556,0.23350221,0.025556546
4274.jpeg,0.001214978,0.31722635,0.6588656,0.02269313
4276.jpeg,0.0025129598,0.00039649208,0.9855242,0.011566371
4277.jpeg,0.0040923078,0.9615955,0.0055824686,0.028729748
428.jpeg,0.97416615,0.0016721501,0.0067263544,0.017435275
4284.jpeg,0.0036942298,0.9684912,0.003135798,0.0246788
4289.jpeg,0.0033733584,0.94988656,0.016920721,0.029819343
4291.jpeg,0.017320255,0.11348226,0.8425721,0.026625428
4304.jpeg,0.0047057583,0.96317184,0.006037068,0.026085364
4314.jpeg,0.0031304327,0.9677609,0.0053183734,0.023790302
4318.jpeg,0.0026718546,0.96596694,0.0051347553,0.026226427
4321.jpeg,0.0061176815,0.9619241,0.00498277,0.026975483
4322.jpeg,0.0025769998,0.00045368617,0.9824593,0.014510055
4327.jpeg,0.0025921124,0.0004970224,0.98329985,0.013611039
4328.jpeg,0.0038094264,0.96491283,0.0072627286,0.024015
4338.jpeg,0.0034735396,0.96725863,0.00340542,0.02586245
4345.jpeg,0.002430613,0.96764576,0.003158879,0.026764814
4355.jpeg,0.0018820141,0.9740837,0.0021037543,0.021930495
4356.jpeg,0.0033739274,0.9674595,0.004001493,0.025165133
4359.jpeg,0.0012624352,0.28925917,0.68267494,0.026803454
4360.jpeg,0.0030714236,0.9673764,0.0030342904,0.026517916
4362.jpeg,0.0052373097,0.96338534,0.004504921,0.026872396
4365.jpeg,0.0036434191,0.9640838,0.0066055926,0.025667222
4366.jpeg,0.003448478,0.9673114,0.0037939495,0.025446162
4367.jpeg,0.0013830933,0.9558627,0.020383324,0.022370849
4368.jpeg,0.0015712414,0.00023231047,0.98573756,0.012458861
4370.jpeg,0.0033360037,0.96628106,0.0035483865,0.026834501
4374.jpeg,0.0020259803,0.96110505,0.011215767,0.025653154
4375.jpeg,0.0017300996,0.96905524,0.005315459,0.023899212
4382.jpeg,0.009314757,0.72617394,0.24185356,0.02265775
4384.jpeg,0.003984763,0.50268984,0.4727865,0.020538943
4389.jpeg,0.0048806453,0.0008616186,0.9831957,0.011062006
4392.jpeg,0.005051176,0.30651653,0.6673876,0.021044685
4395.jpeg,0.0033531906,0.95923144,0.014076416,0.023338947
4397.jpeg,0.0025982307,0.006655315,0.9790608,0.011685567
440.jpeg,0.96357834,0.013582674,0.0051243203,0.01771467
4401.jpeg,0.0054165055,0.961927,0.005268598,0.027387882
4403.jpeg,0.0508263,0.16315064,0.7692958,0.016727269
441.jpeg,0.97629535,0.0016474205,0.0045197876,0.017537422
4411.jpeg,0.00487577,0.96094084,0.006456107,0.027727328
4413.jpeg,0.0018026405,0.0033477626,0.9857263,0.009123301
4425.jpeg,0.010280559,0.085430235,0.88718855,0.017100647
4428.jpeg,0.0037450227,0.96628153,0.0039518373,0.026021617
443.jpeg,0.9743953,0.002684898,0.0055430094,0.017376818
4436.jpeg,0.006983447,0.9609214,0.008151583,0.023943646
4442.jpeg,0.004193523,0.96248984,0.0060577844,0.027258914
4447.jpeg,0.0025497228,0.9665439,0.008430614,0.022475775
445.jpeg,0.9776026,0.0014984492,0.003601262,0.017297631
4451.jpeg,0.0021298672,0.92178583,0.04814203,0.0279423
4461.jpeg,0.03537986,0.5589349,0.37745503,0.028230214
4464.jpeg,0.00312724,0.9639468,0.009062915,0.023863003
4466.jpeg,0.002508568,0.96849656,0.0046076244,0.02438717
4474.jpeg,0.0033588023,0.96588486,0.003530454,0.027225865
4478.jpeg,0.0024730405,0.020028042,0.9639981,0.013500821
4480.jpeg,0.0036442236,0.9682282,0.00385089,0.024276648
4484.jpeg,0.005700318,0.95320356,0.015672304,0.02542391
4486.jpeg,0.0035055198,0.7264085,0.24690925,0.023176722
449.jpeg,0.97442013,0.0024246732,0.0048112758,0.018343922
4496.jpeg,0.001658203,0.00026824063,0.98671246,0.011361112
4500.jpeg,0.005194783,0.94449496,0.021336824,0.0289734
4501.jpeg,0.0022997316,0.6314307,0.32730526,0.038964316
4507.jpeg,0.002294793,0.10549734,0.874004,0.018203905
4511.jpeg,0.0028449509,0.0037728485,0.9804605,0.012921745
4514.jpeg,0.23649587,0.0060465154,0.7349877,0.02246994
452.jpeg,0.9787971,0.0012628008,0.0038716777,0.016068496
4523.jpeg,0.0026783738,0.0026554381,0.9839691,0.010697102
453.jpeg,0.97561026,0.0011228113,0.006067562,0.01719934
4533.jpeg,0.003791139,0.62991047,0.3451831,0.021115333
4545.jpeg,0.0018995546,0.7802689,0.19676729,0.02106419
4560.jpeg,0.0030276831,0.9677108,0.0052210805,0.024040392
4567.jpeg,0.019574596,0.12684956,0.8349867,0.01858919
4570.jpeg,0.00189013,0.13642654,0.84265095,0.01903244
4575.jpeg,0.0045301514,0.9646189,0.0051711057,0.025679842
4578.jpeg,0.005453362,0.95730406,0.009224808,0.028017774
458.jpeg,0.97473884,0.00221879,0.005806512,0.017235814
4581.jpeg,0.0046730116,0.9260154,0.038243838,0.031067759
4583.jpeg,0.0025620759,0.93525195,0.036936413,0.02524958
4584.jpeg,0.0029334375,0.96808153,0.003581744,0.025403256
4585.jpeg,0.0051187947,0.001659566,0.9798527,0.013369003
4596.jpeg,0.0022131966,0.9682782,0.0073375553,0.02217105
4598.jpeg,0.0027859132,0.9642337,0.005780298,0.027200095
4606.jpeg,0.0011859188,0.010270081,0.9765893,0.011954637
4615.jpeg,0.0024631026,0.96861094,0.004820424,0.024105474
4617.jpeg,0.0017180131,0.013035361,0.97243154,0.012815024
4619.jpeg,0.0035659014,0.96473306,0.0065197884,0.025181226
462.jpeg,0.9781213,0.0016769423,0.005080221,0.015121568
4622.jpeg,0.0034862938,0.96536195,0.004324314,0.026827445
4627.jpeg,0.001437857,0.00021100682,0.98601127,0.012339825
4628.jpeg,0.0035879319,0.8939583,0.07692568,0.02552806
4629.jpeg,0.0038573332,0.73960996,0.23620623,0.020326508
4632.jpeg,0.014293836,0.00112387,0.96882963,0.015752722
4634.jpeg,0.0021592835,0.23959862,0.73766136,0.020580772
4645.jpeg,0.0013033396,0.00026830827,0.9854285,0.012999916
4649.jpeg,0.0020877528,0.0009326635,0.98657054,0.01040899
4651.jpeg,0.014810815,0.9561814,0.0032323818,0.02577535
4653.jpeg,0.0025189738,0.00057579187,0.9834609,0.013444312
4662.jpeg,0.0022742222,0.94823146,0.033621382,0.015872963
4664.jpeg,0.0035424996,0.9304843,0.04281238,0.023160897
4669.jpeg,0.045579664,0.00083880033,0.93564206,0.017939437
4675.jpeg,0.0029048775,0.9631541,0.006829961,0.0271111
4679.jpeg,0.0041379286,0.9616043,0.009097002,0.025160845
4680.jpeg,0.0027092923,0.9697672,0.0042205737,0.023302937
4688.jpeg,0.009203709,0.0032884197,0.97845423,0.009053549
4689.jpeg,0.0055132834,0.9479217,0.021683315,0.024881683
469.jpeg,0.9757076,0.0010639887,0.007149773,0.016078627
4690.jpeg,0.0059613152,0.9542562,0.008792458,0.030990055
4693.jpeg,0.008022376,0.94482267,0.02576821,0.021386765
47.png,0.0015165701,0.0004719093,0.00033502793,0.9976765
4702.jpeg,0.0047557,0.96029484,0.0077512106,0.027198248
473.jpeg,0.9802033,0.0008650831,0.0046822214,0.014249387
4741.jpeg,0.001597143,0.9715215,0.003331617,0.023549639
4743.jpeg,0.001821466,0.9712655,0.0024024816,0.024510618
4749.jpeg,0.0021340318,0.96897435,0.0051263063,0.02376537
4751.jpeg,0.009801996,0.0029375146,0.97732735,0.009933118
4761.jpeg,0.0016300065,0.9481617,0.028809795,0.021398501
4762.jpeg,0.005251318,0.0023229062,0.9807469,0.011678886
4765.jpeg,0.0040957923,0.9626295,0.010781947,0.022492759
4767.jpeg,0.00707268,0.9609575,0.005969154,0.026000626
4784.jpeg,0.0044819354,0.96237516,0.0050933403,0.028049543
4786.jpeg,0.0037984285,0.96565044,0.003657669,0.026893446
4788.jpeg,0.005089272,0.9623889,0.0050691785,0.027452707
4799.jpeg,0.0032756503,0.8001915,0.17011176,0.02642105
4801.jpeg,0.020235414,0.00060759945,0.96691203,0.012244967
4813.jpeg,0.006337973,0.0023216964,0.9779583,0.01338201
4816.jpeg,0.0035677145,0.0027923044,0.9788039,0.014836073
4818.jpeg,0.003000315,0.9650923,0.007976411,0.023930974
482.jpeg,0.9756627,0.002015992,0.00436763,0.017953716
4821.jpeg,0.003323339,0.9674698,0.006191642,0.023015238
4830.jpeg,0.000662146,6.087253e-05,0.9911454,0.008131627
4832.jpeg,0.003278377,0.0015740808,0.9843986,0.010748964
4837.jpeg,0.0041889907,0.0017960789,0.9796306,0.014384339
4843.jpeg,0.0008976118,0.00014462124,0.9882791,0.010678741
4852.jpeg,0.0058584185,0.006877267,0.97836316,0.0089011565
486.jpeg,0.97561634,0.0016727915,0.004755556,0.017955355
4861.jpeg,0.0016437495,0.00075074984,0.9855688,0.01203669
4862.jpeg,0.08922036,0.71193576,0.18473601,0.014107868
4863.jpeg,0.0032301024,0.9494185,0.026179362,0.021172032
4874.jpeg,0.0024008208,0.95880157,0.016859688,0.021937879
4885.jpeg,0.9770571,0.0022477647,0.004603126,0.016092021
4902.jpeg,0.018184293,0.0030984073,0.9680599,0.010657446
4906.jpeg,0.0014448002,0.71210593,0.26951218,0.016937122
4907.jpeg,0.00242701,0.9688149,0.002846648,0.025911411
4911.jpeg,0.001710404,0.20415883,0.772302,0.021828722
4914.jpeg,0.007734277,0.5155926,0.4620738,0.014599357
492.jpeg,0.97916746,0.001258526,0.004318854,0.015255099
4924.jpeg,0.0033068922,0.2817079,0.68850046,0.026484765
4931.jpeg,0.35471892,0.04420949,0.57814807,0.022923492
4933.jpeg,0.002150938,0.9459822,0.028642934,0.023223978
4935.jpeg,0.001917386,0.93670976,0.037206884,0.024165947
4936.jpeg,0.0036652696,0.9639016,0.0075539323,0.02487919
4937.jpeg,0.0022921893,0.0023946832,0.98162174,0.013691385
4940.jpeg,0.0037633567,0.13292438,0.83975506,0.023557195
4944.jpeg,0.2375695,0.67181623,0.051344685,0.039269622
4951.jpeg,0.011167546,0.9460389,0.015052506,0.027741069
4953.jpeg,0.0028430992,0.9685783,0.003253818,0.025324766
4954.jpeg,0.0066619334,0.64322186,0.32224587,0.027870383
4957.jpeg,0.92920303,0.0029344403,0.054633982,0.013228497
4961.jpeg,0.0027740905,0.96909344,0.0035154496,0.024616983
4967.jpeg,0.0050747357,0.4335109,0.5393175,0.022096887
4985.jpeg,0.001748262,0.597255,0.3770206,0.023976142
4988.jpeg,0.0043184315,0.963316,0.0047192727,0.027646206
4990.jpeg,0.96158135,0.010630667,0.007663326,0.020124681
4992.jpeg,0.003965649,0.96438736,0.004629892,0.027017113
5009.jpeg,0.0036417956,0.009292085,0.97519696,0.011869181
5010.jpeg,0.0036482182,0.9647621,0.007036077,0.024553565
5015.jpeg,0.0038084437,0.28895548,0.69019455,0.017041516
5020.jpeg,0.0066906232,0.95980525,0.005839623,0.027664477
5023.jpeg,0.004561927,0.9621276,0.0056125727,0.027697895
5028.jpeg,0.0037270659,0.8272056,0.1412173,0.027850058
5040.jpeg,0.0026309374,0.96694374,0.0037774753,0.026647769
5044.jpeg,0.004182686,0.8197003,0.13824357,0.037873358
506.jpeg,0.97750354,0.0015316601,0.0046689427,0.016295832
5067.jpeg,0.0055248123,0.95944655,0.010868437,0.024160169
5068.jpeg,0.016956415,0.8522577,0.10824186,0.022544047
5070.jpeg,0.004207578,0.95980525,0.008356809,0.027630392
5072.jpeg,0.0035768657,0.95265925,0.02184235,0.021921532
5073.jpeg,0.0016813639,0.8282921,0.15192355,0.018103002
5074.jpeg,0.0026429952,0.0021763186,0.9816972,0.013483557
5075.jpeg,0.0020299784,0.96705747,0.0049803792,0.025932174
5079.jpeg,0.0038491576,0.018003026,0.9677112,0.010436656
5090.jpeg,0.00092027243,0.00026302395,0.98712313,0.011693522
5092.jpeg,0.0010009224,0.9761355,0.0027438714,0.02011979
5094.jpeg,0.0078028594,0.0022090238,0.9796534,0.010334671
5099.jpeg,0.002228434,0.8780384,0.09528725,0.02444585
51.jpg,0.00060489104,0.00024306736,0.0034026843,0.99574935
5102.jpeg,0.005894751,0.92539704,0.04025901,0.028449155
5105.jpeg,0.0024671876,0.0017569509,0.9869719,0.008803964
5110.jpeg,0.003439635,0.055199217,0.92092556,0.020435613
5111.jpeg,0.002548385,0.89093363,0.07764205,0.028875891
5115.jpeg,0.0065377797,0.96347696,0.005334478,0.024650786
512.jpeg,0.9717724,0.0039083827,0.00768622,0.01663299
5123.jpeg,0.0014134761,0.00014912637,0.98766613,0.010771232
5126.jpeg,0.0049533118,0.9125264,0.060691237,0.021829054
5127.jpeg,0.0019481078,0.0027655377,0.978357,0.016929332
5140.jpeg,0.0035981105,0.9661398,0.0047585303,0.025503507
5143.jpeg,0.0032379231,0.04766102,0.92764765,0.021453382
5144.jpeg,0.0024966327,0.55041254,0.41327178,0.03381903
515.jpeg,0.9765329,0.0020009158,0.0044033825,0.017062802
5151.jpeg,0.27328497,0.6926614,0.009019685,0.025033964
5157.jpeg,0.0022249408,0.040903594,0.9411007,0.015770724
516.jpeg,0.97387034,0.0024877728,0.0045207688,0.019121181
5160.jpeg,0.0031754808,0.96685386,0.003863652,0.026106993
5172.jpeg,0.0009917732,0.00022838304,0.9866406,0.012139271
5173.jpeg,0.005484668,0.96549165,0.004113908,0.024909763
5174.jpeg,0.04432843,0.22508699,0.70757484,0.023009755
5175.jpeg,0.0033194968,0.68385285,0.29305598,0.019771632
5176.jpeg,0.0039965296,0.9614159,0.0048773657,0.029710274
5182.jpeg,0.003336343,0.010693751,0.974557,0.011412926
519.jpeg,0.973012,0.0019518214,0.005544592,0.019491563
5197.jpeg,0.004574079,0.0031513479,0.98194134,0.010333201
5199.jpeg,0.008645938,0.004335673,0.9715863,0.015432076
5201.jpeg,0.0019683144,0.0046619605,0.9788487,0.014520988
5207.jpeg,0.0031885463,0.0025276225,0.98121697,0.013066895
5209.jpeg,0.0034804041,0.074412555,0.90468323,0.017423797
5210.jpeg,0.0018575117,0.00040622495,0.98416066,0.013575568
5217.jpeg,0.0021202997,0.8049371,0.17514336,0.017799163
5224.jpeg,0.004573915,0.96398425,0.0067935507,0.024648283
5226.jpeg,0.0040135956,0.3588687,0.61460674,0.022510985
5228.jpeg,0.0030565201,0.9406101,0.026495032,0.02983834
5230.jpeg,0.014381694,0.000436687,0.97049516,0.014686417
5231.jpeg,0.004435209,0.9642104,0.004641476,0.026712945
5239.jpeg,0.0028656945,0.0011890931,0.9846889,0.011256334
5240.jpeg,0.003945754,0.9579865,0.012464659,0.025603112
5243.jpeg,0.0027197027,0.96418613,0.0092128385,0.023881275
5253.jpeg,0.9726238,0.0019016836,0.008204706,0.01726975
5255.jpeg,0.0045668213,0.0011234008,0.98403454,0.010275262
5262.jpeg,0.011366675,0.5789257,0.3777055,0.032002114
5265.jpeg,0.0049367575,0.96132326,0.005076698,0.02866332
5269.jpeg,0.0061499006,0.96552867,0.0039051506,0.024416247
5271.jpeg,0.002423974,0.03737492,0.94309723,0.017103922
5276.jpg,0.004234042,0.12075681,0.026084427,0.8489247
5281.jpeg,0.0071679833,0.00679421,0.58979833,0.39623946
5283.jpeg,0.15780124,0.0004385552,0.0007727826,0.84098744
5286.jpeg,0.9715775,0.0017321008,0.007899487,0.018790966
5290.jpeg,0.9775804,0.0018947413,0.0042749057,0.016250005
5300.jpeg,0.96942616,0.0040007043,0.0044511086,0.022122093
5301.jpeg,0.9762317,0.003134621,0.0052474397,0.015386182
5319.jpeg,0.98008746,0.0019330583,0.0034929812,0.014486567
5320.jpeg,0.9762814,0.0020149418,0.006310728,0.015392847
5327.jpeg,0.7639036,0.0043974584,0.21238525,0.019313682
5329.jpeg,0.9812771,0.00079380616,0.003316726,0.014612365
5333.jpeg,0.9780801,0.00268179,0.004272325,0.01496574
5345.jpeg,0.97086716,0.0017500645,0.009535888,0.01784688
5347.jpeg,0.9755719,0.0020153013,0.005868378,0.016544469
5352.jpeg,0.97356594,0.003216394,0.0059846663,0.01723295
537.jpeg,0.9779847,0.0018554712,0.0042688735,0.015890952
5370.jpeg,0.9750789,0.0024155658,0.0050302655,0.017475266
5378.jpeg,0.9710468,0.0014852786,0.009812548,0.017655414
5379.jpeg,0.0069916416,0.26330683,0.70796055,0.021740988
5381.jpeg,0.9390753,0.0024747252,0.04080279,0.017647171
5398.jpeg,0.9469966,0.004636993,0.032741617,0.015624812
5403.jpeg,0.9759406,0.0018655354,0.005690915,0.01650295
5412.jpeg,0.96897155,0.0033227864,0.012734163,0.01497148
5414.jpeg,0.973746,0.0049944725,0.0058904635,0.015369022
5416.jpeg,0.6786984,0.00089296314,0.29512686,0.025281712
5417.jpeg,0.97567743,0.002507298,0.005252473,0.016562784
5419.jpeg,0.968919,0.0027748323,0.013436039,0.01487015
542.jpeg,0.9755615,0.001766688,0.004267905,0.018403888
5425.jpeg,0.8722097,0.0011749386,0.108425274,0.018190052
5429.jpeg,0.008280396,0.0012833758,0.97800356,0.012432621
5436.jpeg,0.093993485,0.005930891,0.8858403,0.01423536
5439.jpeg,0.0036443858,0.0024322309,0.980737,0.013186359
5446.jpeg,0.004998634,0.0027025645,0.97472227,0.017576538
5450.jpeg,0.002743901,0.001121613,0.98562896,0.010505543
5459.jpeg,0.93593216,0.008834005,0.041250266,0.013983613
5464.jpeg,0.8887521,0.0068650343,0.0902594,0.014123485
547.jpeg,0.9719515,0.0025456722,0.0068841083,0.018618735
5471.jpeg,0.9716156,0.0029544842,0.008543488,0.016886348
5474.jpeg,0.8721584,0.0026516523,0.10392621,0.021263724
5476.jpeg,0.9800104,0.00064026343,0.0062038875,0.013145503
5478.jpeg,0.97666717,0.0017522469,0.005902595,0.015677972
5483.jpeg,0.96915746,0.0006884536,0.014339053,0.015815072
5490.jpeg,0.68279004,0.22301966,0.052754756,0.041435555
5491.jpeg,0.9773556,0.0012107949,0.0055628475,0.015870837
5500.jpeg,0.97304046,0.0028316681,0.006001055,0.018126832
5504.jpeg,0.9770701,0.0018252442,0.0038646944,0.017239913
5505.jpeg,0.9490627,0.0005239041,0.034622792,0.01579064
5506.jpeg,0.4732582,0.004026659,0.49976227,0.02295287
5516.jpeg,0.7697424,0.15338871,0.041878186,0.034990713
5517.jpeg,0.97008836,0.00057770684,0.011534446,0.01779947
5519.jpeg,0.0017230771,0.0015439112,0.9839808,0.012752253
5523.jpeg,0.0007590378,0.00019090899,0.988535,0.010515061
5535.jpeg,0.0012980611,0.008482701,0.97511077,0.0151084885
5536.jpeg,0.0014051369,0.0020176615,0.9836732,0.012904002
5539.jpeg,0.0026788742,0.9047884,0.077185154,0.015347611
5543.jpeg,0.0023574433,0.97017115,0.004463899,0.023007479
5551.jpeg,0.002003761,0.9377382,0.037758235,0.022499844
5552.jpeg,0.0034653132,0.95220417,0.025741141,0.018589363
556.jpeg,0.9715495,0.0027120984,0.0056312396,0.020107104
5560.jpeg,0.004862702,0.96280485,0.0049601784,0.027372286
5568.jpeg,0.0028327904,0.9703567,0.0048500355,0.021960521
5573.jpeg,0.003176176,0.9640157,0.0051144003,0.027693728
5576.jpeg,0.002826382,0.95326686,0.018468548,0.025438245
5577.jpeg,0.004062553,0.900966,0.06680948,0.028161969
558.jpeg,0.9767165,0.0019893053,0.0036692186,0.01762497
5586.jpeg,0.0052871755,0.96665424,0.003945223,0.024113404
5587.jpeg,0.0057928166,0.95269287,0.02243403,0.019080311
5588.jpeg,0.006921065,0.9431533,0.024577841,0.025347738
5597.jpeg,0.012135547,0.9591826,0.01038739,0.018294413
5609.jpeg,0.012260247,0.837094,0.11705764,0.033588123
5615.jpeg,0.0028775882,0.93812156,0.033875804,0.02512498
5617.jpeg,0.004076819,0.9576377,0.016133253,0.022152137
562.jpeg,0.97948474,0.0014233927,0.0032472291,0.015844634
5623.jpeg,0.006115333,0.95542824,0.012589183,0.025867332
5624.jpeg,0.004811468,0.96513885,0.0049205674,0.02512914
5631.jpeg,0.0035454587,0.96266794,0.004605222,0.029181285
5638.jpeg,0.0039880276,0.96506697,0.0037113514,0.02723366
5639.jpeg,0.0049642487,0.96044725,0.0076794093,0.026909119
5648.jpeg,0.0026589101,0.96618277,0.011375397,0.019782886
565.jpeg,0.86433417,0.0014581031,0.117373675,0.016834073
5654.jpeg,0.0027439555,0.96503323,0.0130908,0.019131988
5656.jpeg,0.0017791545,0.04763353,0.93371207,0.016875207
5682.jpeg,0.002318369,0.96931124,0.0027492435,0.025621137
5690.jpeg,0.004363897,0.95721436,0.015388372,0.02303334
5694.jpeg,0.0028993885,0.9653084,0.0052173487,0.02657488
5698.jpeg,0.001990713,0.95543385,0.019849213,0.022726204
57.jpeg,0.0006029105,0.00021984395,0.011407757,0.9877695
5705.jpeg,0.0039472138,0.96601033,0.003391455,0.026651021
5709.jpeg,0.0024559442,0.95643425,0.013180117,0.027929721
571.jpeg,0.9701582,0.0009769668,0.009317845,0.01954692
5712.jpeg,0.012374971,0.92524713,0.040147696,0.02223029
5716.jpeg,0.00364665,0.9667728,0.003175655,0.026404925
5718.jpeg,0.0035824552,0.8408604,0.11603856,0.039518617
5719.jpeg,0.0028536045,0.8562778,0.10748986,0.033378623
572.jpeg,0.9707151,0.006693747,0.00487962,0.017711546
5726.jpeg,0.0036813025,0.9675104,0.0038311763,0.024977082
5729.jpeg,0.002887694,0.96780807,0.0031715562,0.026132673
5732.jpeg,0.0032300132,0.96578807,0.0049304366,0.026051518
5733.jpeg,0.011969781,0.6289662,0.33290875,0.02615524
5734.jpeg,0.01336018,0.9466404,0.015357451,0.024641987
5743.jpeg,0.0030003395,0.9544958,0.02153212,0.020971822
5748.jpeg,0.0047326633,0.96406716,0.006723888,0.024476295
575.jpeg,0.9764358,0.00220179,0.00463945,0.016723026
5751.jpeg,0.004242309,0.96649265,0.0031099173,0.02615518
5755.jpeg,0.0023654066,0.9665902,0.0056837425,0.0253606
5757.jpeg,0.0069558034,0.9560827,0.0076386123,0.029322896
5773.jpeg,0.0031955205,0.96527857,0.0043015676,0.027224388
5774.jpeg,0.0044150576,0.96150196,0.005085342,0.0289977
5775.jpeg,0.00615169,0.96447754,0.0044011394,0.024969649
5779.jpeg,0.0023692022,0.0005438979,0.9857857,0.011301205
5785.jpeg,0.0033410862,8.922329e-05,0.98492956,0.0116401445
5788.jpeg,0.0012830073,0.0021722082,0.98440933,0.012135465
5803.jpeg,0.0015192106,0.0009451859,0.9858051,0.01173057
5804.jpeg,0.003163476,0.0076378947,0.9723588,0.01683986
5812.jpeg,0.0017140894,0.00096851395,0.98597455,0.011342858
5813.jpeg,0.002896771,0.00036069463,0.9839052,0.012837341
5814.jpeg,0.0013786723,0.00030762338,0.9860973,0.012216437
5816.jpeg,0.14248756,0.037221573,0.7917091,0.028581716
5823.jpeg,0.0021061937,0.00073338253,0.9836306,0.013529801
5824.jpeg,0.0034296238,0.00035658324,0.9860859,0.010127895
5832.jpeg,0.0026602119,0.0007070798,0.98467517,0.011957531
5833.jpeg,0.0019909623,0.0026971886,0.98167956,0.013632381
5836.jpeg,0.0023902631,0.0007661436,0.98284024,0.014003391
5838.jpeg,0.002686955,0.0013754948,0.98000854,0.01592902
5843.jpeg,0.0032583822,0.83146083,0.14142194,0.023858821
5846.jpeg,0.0029966144,0.8079038,0.16302858,0.026070958
585.jpeg,0.9790205,0.0012839648,0.004391052,0.015304538
586.jpeg,0.9730787,0.0023286825,0.007892614,0.016699944
5860.jpeg,0.0030001889,0.96096635,0.013003087,0.02303036
5862.jpeg,0.034268823,0.07083844,0.8728883,0.022004368
5875.jpeg,0.0004674435,6.4951455e-05,0.99062383,0.008843812
5878.jpeg,0.0052970983,0.0018229845,0.981328,0.011551905
5879.jpeg,0.00037415413,7.6214135e-05,0.99084485,0.008704806
5880.jpeg,0.000566115,9.581903e-05,0.98957986,0.009758231
5883.jpeg,0.0019950934,0.0032681848,0.98088926,0.01384746
5887.jpeg,0.0017289148,0.0040587527,0.9804172,0.0137951225
5889.jpeg,0.010308168,0.00077709573,0.97386974,0.0150449425
589.jpeg,0.9757444,0.002106414,0.004495135,0.01765403
5892.jpeg,0.0018932666,0.006441051,0.978505,0.013160643
5896.jpeg,0.0060116835,0.01204801,0.9691667,0.012773617
5901.jpeg,0.0012026286,0.0002213183,0.9861809,0.012395176
591.jpeg,0.97640985,0.0018367971,0.0042566946,0.017496618
594.jpeg,0.975197,0.0034865513,0.0046329927,0.016683448
597.jpeg,0.97601986,0.0037949935,0.004076382,0.016108764
598.jpeg,0.97593904,0.002049881,0.004919985,0.01709115
599.jpeg,0.98149776,0.00082760403,0.0029956829,0.014679017
60.jpeg,0.98070425,0.0013205935,0.005901753,0.012073399
614.jpeg,0.97560334,0.0023157499,0.005142686,0.01693818
617.jpeg,0.9753891,0.0043480797,0.0036499063,0.01661292
618.jpeg,0.97850406,0.0016925528,0.0031867388,0.016616631
628.jpeg,0.97723013,0.0015166496,0.0036916095,0.017561682
630.jpeg,0.9760184,0.001818288,0.0037508248,0.018412404
631.jpeg,0.9779813,0.0016426229,0.004553256,0.015822724
632.jpeg,0.9764713,0.0016590577,0.0040390114,0.017830718
640.jpeg,0.97363126,0.0018484811,0.006463645,0.018056627
650.jpeg,0.9791466,0.0023347293,0.004477713,0.014040923
655.jpeg,0.97805035,0.0020487495,0.004380828,0.015520114
665.jpeg,0.9777653,0.0017028542,0.0044050575,0.016126812
673.jpeg,0.97794306,0.0015307944,0.004452012,0.016074141
676.jpeg,0.97672576,0.0009263576,0.007782763,0.014565146
687.jpeg,0.9765285,0.002395353,0.0044813477,0.0165947
689.jpeg,0.97857356,0.0025291739,0.004202501,0.014694667
691.jpeg,0.9789833,0.001141249,0.0039739725,0.015901517
692.jpeg,0.9748583,0.0036818385,0.004346613,0.01711322
697.jpeg,0.98016787,0.001120259,0.0026763543,0.016035499
7.jpg,0.00047522385,7.528667e-05,0.0007412138,0.9987082
701.jpeg,0.97722936,0.0014225061,0.004430526,0.016917584
707.jpeg,0.9748026,0.0026355453,0.0048264815,0.01773535
708.jpeg,0.9763401,0.0018742972,0.005070608,0.01671497
715.jpeg,0.976266,0.0014740002,0.0047163013,0.017543621
716.jpeg,0.97578055,0.0017040621,0.0042954446,0.018220041
725.jpeg,0.9727533,0.0026672194,0.005746719,0.018832771
728.jpeg,0.98185205,0.00091682177,0.0029283492,0.014302778
731.jpeg,0.96594656,0.0010864025,0.011747364,0.021219721
735.jpeg,0.97766256,0.0015346061,0.0054773614,0.015325457
74.jpeg,0.9706367,0.0035240538,0.0053880624,0.020451166
740.jpeg,0.9574791,0.002518007,0.019781888,0.020220997
742.jpeg,0.97434866,0.00302282,0.005404788,0.017223766
745.jpeg,0.9785012,0.00135989,0.0047383453,0.0154005475
747.jpeg,0.97473,0.004089528,0.004535951,0.016644461
751.jpeg,0.9751454,0.0020123073,0.006161084,0.016681172
752.jpeg,0.97933507,0.0008565372,0.003849348,0.015959071
76.jpeg,0.97816676,0.0015569613,0.0038077992,0.016468473
766.jpeg,0.9710684,0.0013783688,0.008556524,0.018996667
773.jpeg,0.9698695,0.00092484796,0.014670983,0.014534653
775.jpeg,0.9748922,0.0020631314,0.00523738,0.017807232
776.jpeg,0.97963953,0.0012246069,0.0036488518,0.015486993
784.jpeg,0.9756876,0.0018419249,0.005391104,0.0170793
789.jpeg,0.9822913,0.00081780565,0.0027804582,0.014110447
791.jpeg,0.9828069,0.00089691114,0.002651261,0.01364494
793.jpeg,0.97486985,0.0021082885,0.004152867,0.018868959
808.jpeg,0.97604716,0.002353451,0.0044138827,0.017185522
815.jpeg,0.976512,0.0014783147,0.005500528,0.01650912
82.jpeg,0.9736993,0.0041420963,0.004837702,0.017320942
826.jpeg,0.9781947,0.0012766117,0.004024992,0.016503626
837.jpeg,0.9720849,0.004058351,0.0045280536,0.01932874
838.jpeg,0.97146153,0.00521697,0.0042734644,0.019047985
84.jpeg,0.871612,0.010417901,0.10120006,0.016770042
848.jpeg,0.97476286,0.002062708,0.004350986,0.018823465
851.jpeg,0.97471833,0.0029166266,0.0043373625,0.018027738
856.jpeg,0.9812955,0.0006776253,0.0029145833,0.015112279
860.jpeg,0.97730213,0.0017455502,0.004095136,0.016857184
861.jpeg,0.9791795,0.00094003824,0.004575308,0.015305169
864.jpeg,0.97789425,0.0033724196,0.003703942,0.0150294565
874.jpeg,0.9735775,0.003830642,0.0068206927,0.015771179
878.jpeg,0.9819559,0.0008243338,0.0025884532,0.014631323
882.jpeg,0.9760388,0.002432593,0.005315123,0.016213456
885.jpeg,0.9812324,0.0010901808,0.0029992764,0.014678129
889.jpeg,0.973807,0.001688188,0.008989742,0.015515126
891.jpeg,0.9751049,0.0023956546,0.004495805,0.018003672
895.jpeg,0.97709817,0.002562607,0.0044333762,0.015905868
900.jpeg,0.97924376,0.0008646314,0.0036978335,0.016193766
901.jpeg,0.97174436,0.0030936673,0.0044040955,0.020757888
912.jpeg,0.9731219,0.003070641,0.005469355,0.01833814
913.jpeg,0.96862495,0.0043673795,0.0055764616,0.021431204
915.jpeg,0.97304213,0.0024399592,0.007078735,0.017439231
916.jpeg,0.9668668,0.0037684154,0.0077363644,0.021628426
925.jpeg,0.97261506,0.005955428,0.0041521117,0.0172774
944.jpeg,0.97442806,0.0017655692,0.005997912,0.017808452
945.jpeg,0.9747538,0.0019406746,0.005013071,0.018292535
950.jpeg,0.9752303,0.0018930983,0.0041973516,0.018679298
952.jpeg,0.9774474,0.0015364925,0.0043084775,0.016707677
955.jpeg,0.97834814,0.0017641363,0.0036921194,0.016195653
956.jpeg,0.97681916,0.0018900516,0.0040929723,0.017197832
958.jpeg,0.97649205,0.0030737517,0.0040421966,0.016391974
959.jpeg,0.9761309,0.0027430817,0.0046232343,0.016502744
960.jpeg,0.9775094,0.0016083651,0.004639606,0.01624267
962.jpeg,0.97829247,0.0017007187,0.004366974,0.015639845
97.jpeg,0.97734,0.0022027001,0.0041341446,0.016323177
971.jpeg,0.97728294,0.001277429,0.006386751,0.015052952
974.jpeg,0.98032504,0.0018097889,0.004618194,0.013247063
977.jpeg,0.97889066,0.0013969721,0.0034675396,0.016244922
980.jpeg,0.9759134,0.0011054197,0.0066372007,0.016343966
982.jpeg,0.97740936,0.0023130523,0.0046228156,0.015654769
987.jpeg,0.9791145,0.0014388226,0.0038544647,0.015592298
989.jpeg,0.97790074,0.0031443392,0.0041629206,0.014792011
995.jpeg,0.9734666,0.00108379,0.0100612305,0.015388416
996.jpeg,0.97891074,0.0013105858,0.0038570226,0.015921671
999.jpeg,0.97902805,0.0012817298,0.003999889,0.015690312
